10, 122, 126, 136, 143, 146, 147, 148, 149, 152, 153, 154, 159, 161, 163, 167, 169, 202
11, 14, 126, 130, 138, 139, 141, 143, 144, 146, 149, 156, 157, 162, 168, 170, 173
26, 28, 29, 30, 32, 33, 52, 53, 126, 134, 136, 149, 152, 154, 157, 162, 168, 175
16, 128, 131, 138, 143, 145, 163, 164, 186, 191
126, 131, 136, 138, 139, 140, 143, 144, 145, 146, 147, 148, 149, 150, 151, 152, 155, 160, 161, 162, 167, 174, 177, 181, 184, 186, 187, 188, 189, 190, 193, 196, 197, 200, 207, 208
0, 2, 3, 34, 137, 139, 141, 142, 143, 144, 145, 149, 151, 162, 168, 169, 172, 173, 174, 175, 176, 177, 179, 180, 184, 186
2, 129, 132, 137, 138, 139, 140, 144, 145, 147, 152, 155, 157, 158, 159, 160, 164, 166, 168, 169, 173, 183, 184, 185, 186, 191, 194, 195, 196, 197, 198, 200, 205
12, 13, 72, 124, 129, 136, 138, 140, 141, 142, 143, 144, 147, 148, 150, 155, 157, 159, 163, 165, 167, 168, 170, 172
27, 31, 32, 59, 61, 66, 70, 71, 82, 101, 119, 122, 136, 137, 139, 141, 142, 143, 144, 146, 149, 150, 157, 160, 183, 184, 185, 189, 190, 191, 193, 201, 205
0, 33, 48, 129, 134, 136, 138, 139, 140, 141, 143, 144, 145, 146, 148, 149, 150, 155, 157, 162, 163, 164, 165, 167, 169, 174, 175, 179, 180, 181, 182, 184, 188, 192
22, 38, 43, 122, 129, 137, 139, 143, 144, 145, 146, 148, 153, 154, 159, 163, 166, 168, 169, 183, 187, 201, 207
4, 5, 6, 7, 8, 9, 10, 12, 13, 17, 19, 25, 27, 31, 54, 127, 129, 135, 137, 146, 147, 148, 149, 153, 154, 156, 157, 170
0, 74, 124, 131, 135, 137, 139, 140, 142, 144, 146, 147, 150, 152, 153, 154, 155, 156, 157, 158, 159, 160, 162, 204
4, 39, 51, 67, 128, 130, 131, 134, 136, 137, 138, 143, 144, 145, 148, 149, 150, 152, 153, 154, 155, 159, 164, 166, 167, 172
1, 4, 8, 10, 61, 122, 126, 135, 136, 137, 138, 139, 140, 141, 142, 143, 144, 145, 146, 147, 148, 149, 150, 151, 152, 153, 154, 155, 156, 157, 158, 159, 162
0, 4, 6, 20, 22, 25, 61, 71, 81, 88, 115, 122, 130, 132, 140, 141, 144, 146, 148, 149, 150, 151, 152, 154, 155, 156, 157, 158, 159, 160, 162, 166, 167, 168
0, 6, 20, 22, 25, 81, 110, 115, 117, 120, 122, 125, 127, 128, 130, 134, 140, 142, 144, 145, 146, 148, 149, 150, 151, 152, 155, 156, 157, 158, 159, 160, 161, 162, 163, 164, 166, 167, 168, 193, 194
7, 21, 25, 110, 117, 120, 125, 127, 128, 130, 136, 140, 142, 143, 145, 146, 148, 149, 150, 151, 152, 153, 154, 155, 156, 157, 158, 159, 160, 161, 163, 167, 168, 170, 173
138, 140, 144, 146, 147, 148, 153, 154, 162, 165, 167, 172, 173, 206, 207
17, 22, 23, 24, 25, 29, 30, 31, 34, 35, 38, 39, 134, 135, 136, 138, 139, 140, 142, 143, 145, 147, 148, 149, 150, 151, 152, 153, 154, 157, 163, 172, 173, 206, 207, 208
125, 139, 140, 141, 145, 146, 147, 149, 150, 151, 153, 155, 156, 157, 158, 159, 160, 161, 163, 165, 172, 173, 174, 175, 176, 177, 178, 180, 182, 183, 184
1, 4, 131, 138, 141, 143, 144, 145, 146, 147, 151, 153, 154, 159, 160, 163, 164, 165, 167, 170, 172, 175, 177, 181, 184, 194, 195, 198, 199, 205
6, 7, 8, 26, 40, 79, 126, 135, 141, 143, 148, 149, 152, 155, 158, 159, 160, 161, 164, 165, 167, 168, 170, 172, 173, 177, 178, 179, 182, 183, 184, 193, 194, 195, 197, 198, 199, 201, 205, 207, 208
6, 139, 142, 143, 146, 147, 150, 152, 155, 163, 170
48, 131, 134, 139, 141, 143, 147, 150, 152, 155, 156, 157, 161, 167, 170
0, 1, 4, 6, 7, 9, 10, 12, 13, 15, 16, 19, 56, 140, 142, 143, 144, 147, 149, 150, 151, 155, 156, 160, 161, 164, 165, 167, 173, 178, 179, 180, 182, 185, 186, 187, 188, 189, 193, 204, 208
20, 36, 39, 50, 135, 139, 142, 145, 147, 148, 152, 153, 155, 178, 183, 186, 189, 190
0, 1, 2, 8, 14, 18, 20, 25, 26, 37, 58, 137, 141, 143, 145, 153, 154, 155, 156, 157, 158, 172, 178, 180
8, 32, 39, 40, 41, 46, 49, 51, 129, 138, 142, 143, 144, 145, 147, 150, 151, 152, 153, 154, 155, 156, 157, 159, 161, 172
32, 43, 58, 132, 141, 146, 148, 150, 152, 154, 155, 157, 158, 161, 164, 166, 167, 200
6, 7, 8, 9, 10, 11, 12, 13, 16, 17, 18, 54, 121, 130, 136, 138, 140, 143, 147, 150, 153, 154, 157, 160, 167, 168, 194, 201, 205, 207, 208
0, 1, 2, 3, 4, 6, 7, 8, 11, 18, 22, 29, 36, 37, 40, 41, 74, 131, 139, 145, 148, 149, 150, 151, 153, 154, 155, 156, 160, 161, 165, 175
123, 131, 135, 140, 141, 142, 148, 149, 150, 151, 152, 153, 154, 155, 159, 161, 168, 170, 176, 203
130, 140, 141, 142, 149, 153, 155, 157, 159, 170, 173, 174, 175, 176, 181, 186, 191, 194, 195, 198
11, 18, 19, 21, 29, 136, 143, 144, 145, 146, 149, 150, 151, 154, 163, 170, 192, 198, 200, 201, 202, 203, 204, 206, 207
39, 138, 144, 146, 150, 153, 160, 165, 169, 170, 173, 174, 176, 201, 207, 208
10, 12, 13, 29, 44, 149, 150, 151, 152, 153, 154, 155, 156, 157, 159
0, 1, 2, 3, 5, 6, 7, 11, 30, 32, 36, 37, 47, 51, 53, 55, 57, 78, 97, 143, 151, 152, 154, 155, 159, 177, 198, 206, 208
27, 124, 126, 144, 152, 153, 154, 155, 157, 163, 190, 208
147, 158
